2026-07-04_12-46-26,0,main.go:2026-07-04_12-46-26
2026-07-04_12-55-32,0,main.go:2026-07-04_12-55-32
2026-07-04_12-56-06,0,main.go:2026-07-04_12-56-06
2026-07-04_13-01-21,0,main.go:2026-07-04_13-01-21
2026-07-04_13-08-44,0,main.go:2026-07-04_13-08-44
2026-07-04_13-11-41,0,main.go:2026-07-04_13-11-41
2026-07-04_13-14-25,0,main.go:2026-07-04_13-14-25
2026-07-04_13-31-20,0,main.go:2026-07-04_13-31-20
2026-07-04_20-32-00,0,main.go:2026-07-04_13-31-20
2026-07-04_21-19-25,0,main.go:2026-07-04_21-19-25
2026-07-04_21-19-28,0,main.go:2026-07-04_21-19-25
2026-07-04_21-20-28,33,main.go:2026-07-04_21-20-28
2026-07-04_21-29-47,0,main.go:2026-07-04_21-29-47
2026-07-04_21-29-51,0,main.go:2026-07-04_21-29-47
