2026-07-04_10-02-52,33,main.go:2026-07-04_10-02-52
2026-07-04_10-08-03,33,main.go:2026-07-04_10-02-52
2026-07-04_10-11-53,33,main.go:2026-07-04_10-11-53
2026-07-04_10-16-24,33,main.go:2026-07-04_10-16-24
2026-07-04_10-16-46,33,main.go:2026-07-04_10-16-46
2026-07-04_10-17-07,33,main.go:2026-07-04_10-17-07
2026-07-04_10-17-33,33,main.go:2026-07-04_10-17-33
2026-07-04_10-18-25,33,main.go:2026-07-04_10-18-25
2026-07-04_10-19-01,33,main.go:2026-07-04_10-19-01
2026-07-04_10-40-57,100,main.go:2026-07-04_10-40-57
