2026-05-23_18-19-34,0,main.go:2026-05-23_18-19-34
2026-05-23_18-59-39,0,main.go:2026-05-23_18-59-39
2026-05-23_18-59-41,0,main.go:2026-05-23_18-59-39
2026-05-23_19-00-46,0,main.go:2026-05-23_19-00-46
2026-05-23_19-00-46,0,main.go:2026-05-23_19-00-46
2026-05-23_19-01-03,0,main.go:2026-05-23_19-01-03
2026-05-23_19-04-00,0,main.go:2026-05-23_19-04-00
2026-05-23_19-04-09,0,main.go:2026-05-23_19-04-00
2026-05-23_19-04-37,0,main.go:2026-05-23_19-04-37
2026-05-23_19-05-42,16,main.go:2026-05-23_19-05-42
2026-05-23_19-22-17,16,main.go:2026-05-23_19-22-17
2026-05-23_19-28-36,0,main.go:2026-05-23_19-28-36
2026-05-23_19-29-13,33,main.go:2026-05-23_19-29-13
2026-05-23_19-29-43,33,main.go:2026-05-23_19-29-43
2026-05-23_19-32-50,33,main.go:2026-05-23_19-32-50
2026-05-23_19-34-45,33,main.go:2026-05-23_19-34-45
2026-05-23_19-36-03,50,main.go:2026-05-23_19-36-03
2026-05-23_19-36-13,0,main.go:2026-05-23_19-36-13
2026-05-23_19-36-19,50,main.go:2026-05-23_19-36-19
2026-05-23_19-42-34,50,main.go:2026-05-23_19-42-34
2026-05-23_19-43-08,50,main.go:2026-05-23_19-43-08
2026-05-23_19-44-11,66,main.go:2026-05-23_19-44-11
2026-05-23_19-48-56,83,main.go:2026-05-23_19-48-56
2026-05-23_19-55-19,83,main.go:2026-05-23_19-55-19
2026-05-23_19-58-19,83,main.go:2026-05-23_19-58-19
2026-05-23_19-59-02,100,main.go:2026-05-23_19-59-02
