2026-06-24_21-30-25,0,main.go:2026-06-24_21-30-25
2026-06-24_21-30-27,0,main.go:2026-06-24_21-30-25
2026-06-24_21-30-46,12,main.go:2026-06-24_21-30-46
2026-06-24_21-32-59,12,main.go:2026-06-24_21-32-59
2026-06-24_21-33-12,12,main.go:2026-06-24_21-33-12
2026-06-24_21-33-30,12,main.go:2026-06-24_21-33-30
2026-06-24_21-33-58,25,main.go:2026-06-24_21-33-58
2026-06-24_21-35-34,50,main.go:2026-06-24_21-35-34
2026-06-24_21-36-40,50,main.go:2026-06-24_21-35-34
2026-06-24_21-36-53,87,main.go:2026-06-24_21-36-53
2026-06-24_21-37-17,50,main.go:2026-06-24_21-37-17
2026-06-24_21-37-54,50,main.go:2026-06-24_21-37-17
2026-06-24_21-43-30,25,main.go:2026-06-24_21-43-30
2026-06-24_21-43-43,25,main.go:2026-06-24_21-43-43
2026-06-24_21-44-49,25,main.go:2026-06-24_21-44-49
2026-06-24_21-45-55,50,main.go:2026-06-24_21-45-55
2026-06-24_21-46-34,100,main.go:2026-06-24_21-46-34
