2026-03-11_10-52-25,---,draft.go:2026-03-11_10-52-25
2026-03-11_10-52-39,---,draft.go:2026-03-11_10-52-25
2026-03-11_10-53-27,---,draft.go:2026-03-11_10-52-25
2026-03-11_10-53-39,---,draft.go:2026-03-11_10-52-25
2026-03-11_10-53-51,---,draft.go:2026-03-11_10-52-25
2026-03-11_10-54-10,0,draft.go:2026-03-11_10-52-25
2026-03-11_10-54-15,---,draft.go:2026-03-11_10-52-25
2026-03-11_11-01-57,---,draft.go:2026-03-11_10-52-25
2026-03-11_11-02-11,---,draft.go:2026-03-11_10-52-25
2026-03-11_11-02-32,---,draft.go:2026-03-11_11-02-32
2026-03-11_11-13-50,---,draft.go:2026-03-11_11-13-50
