2026-06-22_15-09-08,25,main.go:2026-06-22_15-09-08
2026-06-22_15-09-08,25,main.go:2026-06-22_15-09-08
2026-06-22_15-40-35,0,main.go:2026-06-22_15-40-35
2026-06-22_15-40-36,0,main.go:2026-06-22_15-40-35
2026-06-22_15-40-49,25,main.go:2026-06-22_15-40-49
2026-06-22_15-42-38,25,main.go:2026-06-22_15-42-38
2026-06-22_15-42-46,25,main.go:2026-06-22_15-42-46
2026-06-22_15-42-53,25,main.go:2026-06-22_15-42-46
2026-06-22_15-45-11,25,main.go:2026-06-22_15-45-11
2026-06-22_15-48-49,37,main.go:2026-06-22_15-48-49
2026-06-22_15-48-56,0,main.go:2026-06-22_15-48-56
2026-06-22_15-48-57,0,main.go:2026-06-22_15-48-56
2026-06-22_15-49-42,37,main.go:2026-06-22_15-49-42
2026-06-22_15-49-56,37,main.go:2026-06-22_15-49-42
2026-06-22_15-53-25,37,main.go:2026-06-22_15-53-25
2026-06-22_15-53-26,37,main.go:2026-06-22_15-53-25
2026-06-22_15-53-27,37,main.go:2026-06-22_15-53-25
2026-06-22_15-53-28,37,main.go:2026-06-22_15-53-25
2026-06-22_15-55-33,100,main.go:2026-06-22_15-55-33
