2026-06-05_19-54-44,0,draft.go:2026-06-05_19-54-44
2026-06-05_20-09-27,0,draft.go:2026-06-05_20-09-27
2026-06-05_20-09-34,0,draft.go:2026-06-05_20-09-27
2026-06-05_20-11-20,40,draft.go:2026-06-05_20-11-20
2026-06-05_20-12-55,40,draft.go:2026-06-05_20-11-20
2026-06-05_20-43-36,40,draft.go:2026-06-05_20-43-36
2026-06-05_20-45-06,40,draft.go:2026-06-05_20-45-06
2026-06-05_20-45-10,40,draft.go:2026-06-05_20-45-06
2026-06-05_20-46-25,40,draft.go:2026-06-05_20-45-06
2026-06-05_20-47-55,100,draft.go:2026-06-05_20-47-55
