2026-04-16_08-02-36,0,main.go:2026-04-16_08-02-36
2026-04-16_08-02-45,0,main.go:2026-04-16_08-02-36
2026-05-18_21-03-18,0,main.go:2026-04-16_08-02-36
2026-05-18_21-21-10,0,main.go:2026-04-16_08-02-36
2026-05-18_22-14-52,0,main.go:2026-05-18_22-14-52
2026-05-18_22-16-48,0,main.go:2026-05-18_22-16-48
2026-05-18_22-20-17,0,main.go:2026-05-18_22-16-48
2026-05-18_22-20-46,0,main.go:2026-05-18_22-16-48
2026-05-18_22-22-06,0,main.go:2026-05-18_22-16-48
2026-05-18_22-23-36,0,main.go:2026-05-18_22-23-36
2026-05-18_22-24-00,100,main.go:2026-05-18_22-24-00
