2026-05-31_17-12-03,0,main.go:2026-05-31_17-12-03
2026-05-31_17-17-46,0,main.go:2026-05-31_17-12-03
2026-05-31_17-22-30,0,main.go:2026-05-31_17-12-03
2026-05-31_17-22-33,0,main.go:2026-05-31_17-12-03
2026-05-31_17-30-12,0,main.go:2026-05-31_17-30-12
2026-05-31_17-30-54,0,main.go:2026-05-31_17-30-12
2026-05-31_17-31-23,33,main.go:2026-05-31_17-31-23
2026-05-31_17-57-00,33,main.go:2026-05-31_17-57-00
2026-05-31_17-57-24,33,main.go:2026-05-31_17-57-24
2026-05-31_17-57-54,33,main.go:2026-05-31_17-57-54
2026-05-31_17-59-06,66,main.go:2026-05-31_17-59-06
2026-05-31_17-59-06,66,main.go:2026-05-31_17-59-06
2026-05-31_17-59-06,66,main.go:2026-05-31_17-59-06
2026-05-31_17-59-09,66,main.go:2026-05-31_17-59-06
2026-05-31_18-01-02,0,main.go:2026-05-31_18-01-02
2026-05-31_18-01-03,0,main.go:2026-05-31_18-01-02
2026-05-31_18-01-34,66,main.go:2026-05-31_18-01-34
2026-05-31_18-03-36,100,main.go:2026-05-31_18-03-36
