2026-07-05_22-55-16,0,main.go:2026-07-05_22-55-16;queue.go:2026-07-05_22-55-16
2026-07-05_22-56-09,0,main.go:2026-07-05_22-56-09;queue.go:2026-07-05_22-55-16
2026-07-05_22-57-36,0,main.go:2026-07-05_22-57-36;queue.go:2026-07-05_22-55-16
2026-07-05_22-59-47,0,main.go:2026-07-05_22-59-47;queue.go:2026-07-05_22-55-16
2026-07-05_22-59-48,0,main.go:2026-07-05_22-59-47;queue.go:2026-07-05_22-55-16
2026-07-05_23-00-58,0,main.go:2026-07-05_23-00-58;queue.go:2026-07-05_22-55-16
2026-07-05_23-01-24,0,main.go:2026-07-05_23-01-24;queue.go:2026-07-05_22-55-16
2026-07-05_23-04-59,0,main.go:2026-07-05_23-04-59;queue.go:2026-07-05_22-55-16
2026-07-05_23-12-01,0,main.go:2026-07-05_23-12-01;queue.go:2026-07-05_22-55-16
2026-07-05_23-25-25,100,main.go:2026-07-05_23-25-25;queue.go:2026-07-05_22-55-16
