2026-03-21_10-59-10,---,draft.go:2026-03-21_10-59-10
2026-03-21_10-59-50,---,draft.go:2026-03-21_10-59-10
2026-03-21_11-00-09,0,draft.go:2026-03-21_10-59-10
2026-03-21_12-35-14,0,draft.go:2026-03-21_12-35-14
2026-03-21_12-35-54,0,draft.go:2026-03-21_12-35-14
2026-03-21_12-36-56,0,draft.go:2026-03-21_12-36-56
2026-03-21_12-40-09,0,draft.go:2026-03-21_12-40-09
2026-03-21_12-42-02,0,draft.go:2026-03-21_12-42-02
2026-03-21_13-38-39,0,draft.go:2026-03-21_13-38-39
2026-03-21_13-39-49,0,draft.go:2026-03-21_13-39-49
2026-03-21_13-41-09,0,draft.go:2026-03-21_13-41-09
2026-03-21_13-41-11,0,draft.go:2026-03-21_13-41-09
2026-03-21_13-41-47,0,draft.go:2026-03-21_13-41-47
2026-03-21_13-42-38,0,draft.go:2026-03-21_13-42-38
2026-03-21_13-43-24,0,draft.go:2026-03-21_13-43-24
2026-03-21_13-58-12,0,draft.go:2026-03-21_13-43-24
2026-03-21_14-00-29,0,draft.go:2026-03-21_14-00-29
2026-03-21_14-01-00,25,draft.go:2026-03-21_14-01-00
2026-03-21_14-01-50,25,draft.go:2026-03-21_14-01-50
2026-03-21_14-02-00,25,draft.go:2026-03-21_14-01-50
2026-03-21_14-02-25,25,draft.go:2026-03-21_14-02-25
2026-03-21_14-02-50,25,draft.go:2026-03-21_14-02-50
2026-03-21_14-03-24,25,draft.go:2026-03-21_14-02-50
2026-03-21_14-03-30,25,draft.go:2026-03-21_14-03-30
2026-03-21_14-04-09,0,draft.go:2026-03-21_14-04-09
2026-03-21_14-04-24,25,draft.go:2026-03-21_14-04-24
2026-03-21_14-09-45,25,draft.go:2026-03-21_14-09-45
2026-03-21_14-13-43,75,draft.go:2026-03-21_14-13-43
2026-03-21_14-13-45,75,draft.go:2026-03-21_14-13-43
2026-03-21_14-14-00,25,draft.go:2026-03-21_14-14-00
2026-03-21_14-14-26,25,draft.go:2026-03-21_14-14-00
2026-03-21_14-14-31,75,draft.go:2026-03-21_14-14-31
2026-03-21_14-17-30,0,draft.go:2026-03-21_14-17-30
2026-03-21_14-17-54,25,draft.go:2026-03-21_14-17-54
2026-03-21_14-18-39,25,draft.go:2026-03-21_14-17-54
2026-03-21_14-21-00,25,draft.go:2026-03-21_14-17-54
2026-03-21_14-22-18,100,draft.go:2026-03-21_14-22-18
2026-03-21_14-24-11,0,draft.go:2026-03-21_14-24-11
2026-03-21_14-24-39,75,draft.go:2026-03-21_14-24-39
2026-03-21_14-25-18,75,draft.go:2026-03-21_14-25-18
2026-03-21_14-25-35,100,draft.go:2026-03-21_14-25-35
2026-03-21_14-25-39,100,draft.go:2026-03-21_14-25-35
2026-03-21_14-28-46,100,draft.go:2026-03-21_14-28-46
