2026-05-03_23-25-25,33,main.go:2026-05-03_23-25-25
2026-05-03_23-26-48,33,main.go:2026-05-03_23-25-25
2026-05-23_15-58-26,33,main.go:2026-05-23_15-58-26
2026-05-23_16-24-37,33,main.go:2026-05-23_16-24-37
2026-05-23_16-26-59,33,main.go:2026-05-23_16-24-37
2026-05-23_16-29-00,66,main.go:2026-05-23_16-29-00
2026-05-23_16-29-07,66,main.go:2026-05-23_16-29-00
2026-05-23_16-43-28,66,main.go:2026-05-23_16-43-28
2026-05-23_16-45-10,66,main.go:2026-05-23_16-45-10
2026-05-23_16-45-15,66,main.go:2026-05-23_16-45-10
2026-05-23_16-51-36,66,main.go:2026-05-23_16-51-36
2026-05-23_16-51-37,66,main.go:2026-05-23_16-51-36
2026-05-23_16-52-30,100,main.go:2026-05-23_16-52-30
2026-05-23_16-53-13,100,main.go:2026-05-23_16-53-13
2026-05-23_16-53-39,66,main.go:2026-05-23_16-53-39
2026-05-23_16-53-47,100,main.go:2026-05-23_16-53-47
