2026-05-24_01-25-48,0,draft.go:2026-05-24_01-25-48
2026-05-24_01-37-49,0,draft.go:2026-05-24_01-37-49
2026-05-24_01-44-45,0,draft.go:2026-05-24_01-44-45
2026-05-24_01-44-49,0,draft.go:2026-05-24_01-44-45
2026-05-24_01-44-58,0,draft.go:2026-05-24_01-44-45
2026-05-24_01-45-05,0,draft.go:2026-05-24_01-44-45
2026-05-24_01-45-51,0,draft.go:2026-05-24_01-45-51
2026-05-24_01-46-12,0,draft.go:2026-05-24_01-46-12
2026-05-24_01-46-22,0,draft.go:2026-05-24_01-46-22
2026-05-24_01-50-25,62,draft.go:2026-05-24_01-50-25
2026-05-24_01-52-32,100,draft.go:2026-05-24_01-52-32
