2026-03-14_10-30-38,0,draft.go:2026-03-14_10-30-38
2026-03-14_10-32-04,0,draft.go:2026-03-14_10-30-38
2026-03-14_10-32-22,0,draft.go:2026-03-14_10-32-22
2026-03-14_10-33-25,0,draft.go:2026-03-14_10-33-25
2026-03-14_10-33-50,---,draft.go:2026-03-14_10-33-25
2026-03-14_10-34-18,---,draft.go:2026-03-14_10-33-25
2026-03-14_10-39-29,0,draft.go:2026-03-14_10-39-29
2026-03-14_10-43-28,0,draft.go:2026-03-14_10-39-29
2026-03-14_10-43-40,100,draft.go:2026-03-14_10-43-40
2026-03-14_10-43-47,100,draft.go:2026-03-14_10-43-40
